"Timestamp","What is your age?","Gender ?","What was your WASSCE grade ?","What level are you ?","What is your current CGPA ?","How many siblings do you have ?","Do you have access to a laptop or internet ?","Do you join a study group ?","How many hours do you do independent studies ?"
"2022/10/05 12:21:51 pm GMT","23 - 27 years","Male","16 - 20","L 400","2.9 - 2.5","More than 3","Yes","Yes","More than 2 hours"
"2022/10/05 12:47:16 pm GMT","23 - 27 years","Male","6 - 9","L 400","1.9 - 1.5","Less than 3","Yes","Yes","More than 2 hours"
"2022/10/05 12:48:13 pm GMT","23 - 27 years","Male","10 - 15","L 400","3.5 - 3.0","Exactly 3","Yes","Yes","Less than 2 hours"
"2022/10/05 12:48:40 pm GMT","23 - 27 years","Female","10 - 15","L 400","2.9 - 2.5","Exactly 3","Yes","Yes","More than 2 hours"
"2022/10/05 12:49:12 pm GMT","23 - 27 years","Female","10 - 15","L 400","2.9 - 2.5","Less than 3","Yes","Yes","More than 2 hours"
"2022/10/05 12:50:22 pm GMT","23 - 27 years","Male","16 - 20","L 400","1.9 - 1.5","More than 3","No","Yes","More than 2 hours"
"2022/10/05 12:55:31 pm GMT","18 - 22 years","Male","10 - 15","L 400","3.5 - 3.0","More than 3","Yes","Yes","More than 2 hours"
"2022/10/05 1:14:52 pm GMT","18 - 22 years","Female","10 - 15","L 400","3.5 - 3.0","More than 3","No","Yes","More than 2 hours"
"2022/10/05 1:20:26 pm GMT","18 - 22 years","Male","10 - 15","L 400","3.5 - 3.0","Exactly 3","Yes","Yes","Less than 2 hours"
"2022/10/05 1:25:16 pm GMT","18 - 22 years","Female","10 - 15","L 400","2.9 - 2.5","Less than 3","Yes","Yes","More than 2 hours"
"2022/10/05 1:40:35 pm GMT","18 - 22 years","Male","10 - 15","L 400","3.5 - 3.0","More than 3","Yes","No","Less than 2 hours"
"2022/10/05 2:41:48 pm GMT","23 - 27 years","Male","16 - 20","L 400","3.5 - 3.0","Exactly 3","Yes","Yes","More than 2 hours"
"2022/10/05 2:53:16 pm GMT","23 - 27 years","Male","21 - 25","L 400","3.5 - 3.0","More than 3","Yes","No","Less than 2 hours"
"2022/10/05 5:38:28 pm GMT","23 - 27 years","Male","16 - 20","L 400","4.0 - 3.6","More than 3","Yes","Yes","Less than 2 hours"
"2022/10/05 7:15:39 pm GMT","23 - 27 years","Male","16 - 20","L 400","2.4 - 2.0","More than 3","Yes","No","Exactly 2 hours"
"2022/10/06 4:20:49 pm GMT","23 - 27 years","Male","10 - 15","L 400","2.9 - 2.5","Less than 3","Yes","No","Less than 2 hours"
"2022/10/06 6:50:33 pm GMT","18 - 22 years","Male","10 - 15","L 400","2.9 - 2.5","Less than 3","Yes","No","More than 2 hours"
"2022/10/07 9:09:54 am GMT","23 - 27 years","Male","10 - 15","L 400","2.9 - 2.5","More than 3","Yes","Yes","More than 2 hours"
"2022/10/07 9:31:11 am GMT","23 - 27 years","Male","16 - 20","L 400","3.5 - 3.0","More than 3","Yes","Yes","More than 2 hours"
"2022/10/07 9:35:34 am GMT","18 - 22 years","Male","10 - 15","L 400","3.5 - 3.0","More than 3","Yes","Yes","More than 2 hours"
"2022/10/07 9:36:04 am GMT","23 - 27 years","Female","16 - 20","L 400","4.0 - 3.6","More than 3","Yes","Yes","Less than 2 hours"
"2022/10/07 11:55:01 am GMT","23 - 27 years","Male","10 - 15","L 400","2.9 - 2.5","More than 3","Maybe","Yes","Exactly 2 hours"
"2022/10/07 6:40:18 pm GMT","23 - 27 years","Male","16 - 20","L 400","2.9 - 2.5","More than 3","Yes","Yes","Less than 2 hours"
"2022/10/10 12:12:58 pm GMT","18 - 22 years","Male","16 - 20","L 400","3.5 - 3.0","More than 3","Yes","Yes","More than 2 hours"
"2022/10/10 12:18:31 pm GMT","23 - 27 years","Male","16 - 20","L 400","3.5 - 3.0","Exactly 3","Yes","No","More than 2 hours"
"2022/10/11 12:04:54 pm GMT","23 - 27 years","Male","10 - 15","L 400","2.9 - 2.5","Less than 3","Yes","No","More than 2 hours"
"2022/10/11 1:48:54 pm GMT","More than 32 years","Male","16 - 20","L 400","2.4 - 2.0","More than 3","Yes","No","More than 2 hours"
"2022/10/11 1:55:14 pm GMT","23 - 27 years","Male","16 - 20","L 400","3.5 - 3.0","Exactly 3","Yes","No","More than 2 hours"
"2022/10/11 3:14:22 pm GMT","23 - 27 years","Male","6 - 9","L 400","2.9 - 2.5","More than 3","Yes","No","Less than 2 hours"
"2022/10/12 9:24:16 am GMT","23 - 27 years","Male","16 - 20","L 400","2.9 - 2.5","More than 3","Yes","Yes","More than 2 hours"
"2022/10/12 9:38:53 am GMT","18 - 22 years","Male","10 - 15","L 400","2.9 - 2.5","More than 3","Yes","Yes","More than 2 hours"
"2022/10/12 9:43:48 am GMT","23 - 27 years","Male","10 - 15","L 400","2.9 - 2.5","Less than 3","Yes","Yes","Exactly 2 hours"
"2022/10/12 10:46:06 am GMT","23 - 27 years","Female","16 - 20","L 300","2.4 - 2.0","Less than 3","Yes","Yes","Less than 2 hours"
"2022/10/12 11:06:57 am GMT","28 - 32 years","Female","16 - 20","L 400","3.5 - 3.0","More than 3","Yes","Yes","More than 2 hours"
"2022/10/12 11:12:05 am GMT","18 - 22 years","Female","16 - 20","L 300","2.9 - 2.5","Exactly 3","Yes","No","More than 2 hours"
"2022/10/12 11:24:11 am GMT","18 - 22 years","Male","16 - 20","L 400","3.5 - 3.0","Less than 3","Yes","No","More than 2 hours"
"2022/10/12 11:45:16 am GMT","23 - 27 years","Male","10 - 15","L 300","3.5 - 3.0","More than 3","Yes","Yes","More than 2 hours"
"2022/10/12 11:56:09 am GMT","18 - 22 years","Male","10 - 15","L 300","3.5 - 3.0","Exactly 3","Yes","Yes","More than 2 hours"
"2022/10/12 12:10:13 pm GMT","18 - 22 years","Female","6 - 9","L 300","4.0 - 3.6","Exactly 3","Yes","No","Less than 2 hours"
"2022/10/12 12:37:31 pm GMT","18 - 22 years","Male","6 - 9","L 300","4.0 - 3.6","Less than 3","Yes","Yes","More than 2 hours"
"2022/10/12 12:41:05 pm GMT","23 - 27 years","Female","10 - 15","L 400","4.0 - 3.6","Less than 3","Yes","Yes","More than 2 hours"
"2022/10/12 1:38:14 pm GMT","23 - 27 years","Female","10 - 15","L 400","2.9 - 2.5","Exactly 3","Yes","Yes","More than 2 hours"
"2022/10/12 2:41:45 pm GMT","23 - 27 years","Female","16 - 20","L 400","3.5 - 3.0","More than 3","Yes","Yes","More than 2 hours"
"2022/10/12 3:31:32 pm GMT","23 - 27 years","Female","16 - 20","L 300","3.5 - 3.0","More than 3","No","Yes","Exactly 2 hours"
"2022/10/12 5:22:41 pm GMT","23 - 27 years","Male","21 - 25","L 300","3.5 - 3.0","More than 3","Yes","Yes","More than 2 hours"
"2022/10/12 5:34:14 pm GMT","28 - 32 years","Female","10 - 15","L 400","3.5 - 3.0","Less than 3","Yes","Yes","More than 2 hours"
"2022/10/12 7:02:21 pm GMT","18 - 22 years","Male","16 - 20","L 300","3.5 - 3.0","Exactly 3","Yes","No","Less than 2 hours"
"2022/10/14 3:32:31 am GMT","23 - 27 years","Male","10 - 15","L 400","2.9 - 2.5","Exactly 3","Yes","Yes","Exactly 2 hours"
"2022/10/14 3:32:58 am GMT","23 - 27 years","Female","10 - 15","L 300","2.9 - 2.5","Less than 3","Yes","No","More than 2 hours"
"2022/10/14 3:35:12 am GMT","18 - 22 years","Male","6 - 9","L 300","3.5 - 3.0","More than 3","Yes","Yes","More than 2 hours"
"2022/10/14 3:35:41 am GMT","18 - 22 years","Female","16 - 20","L 400","2.4 - 2.0","Less than 3","Yes","No","Exactly 2 hours"
"2022/10/14 3:36:02 am GMT","23 - 27 years","Female","16 - 20","L 400","2.9 - 2.5","More than 3","No","Yes","More than 2 hours"
"2022/10/14 11:06:51 am GMT","18 - 22 years","Male","10 - 15","L 300","3.5 - 3.0","Less than 3","Yes","Yes","More than 2 hours"
"2022/10/14 11:08:51 am GMT","18 - 22 years","Male","16 - 20","L 300","2.4 - 2.0","More than 3","No","No","Exactly 2 hours"
"2022/10/14 11:10:07 am GMT","18 - 22 years","Male","21 - 25","L 400","2.4 - 2.0","More than 3","Yes","Yes","Less than 2 hours"
"2022/10/14 11:16:00 am GMT","14 - 17 years","Male","10 - 15","L 300","3.5 - 3.0","Exactly 3","Yes","Yes","More than 2 hours"
"2022/10/14 11:17:40 am GMT","23 - 27 years","Male","10 - 15","L 400","1.9 - 1.5","Less than 3","Yes","Yes","More than 2 hours"
"2022/10/14 2:06:31 pm GMT","23 - 27 years","Male","10 - 15","L 400","2.4 - 2.0","More than 3","Yes","No","Exactly 2 hours"
"2022/10/14 6:41:31 pm GMT","18 - 22 years","Male","6 - 9","L 300","4.0 - 3.6","Exactly 3","Yes","Yes","More than 2 hours"
"2022/10/14 11:10:31 pm GMT","14 - 17 years","Female","10 - 15","L 300","2.9 - 2.5","Less than 3","No","Yes","More than 2 hours"
"2022/10/14 11:11:28 pm GMT","23 - 27 years","Female","26 - 30","L 400","4.0 - 3.6","More than 3","Yes","Yes","More than 2 hours"
"2022/10/14 11:12:09 pm GMT","18 - 22 years","Male","6 - 9","L 400","4.0 - 3.6","Exactly 3","Yes","No","More than 2 hours"
"2022/10/15 4:05:59 am GMT","18 - 22 years","Female","10 - 15","L 300","3.5 - 3.0","More than 3","Yes","Yes","Less than 2 hours"
"2022/10/15 7:11:45 am GMT","23 - 27 years","Female","10 - 15","L 400","2.9 - 2.5","Exactly 3","Yes","Yes","More than 2 hours"
"2022/10/15 8:01:36 am GMT","23 - 27 years","Male","6 - 9","L 400","2.9 - 2.5","More than 3","Yes","No","Less than 2 hours"
"2022/10/15 6:15:01 pm GMT","18 - 22 years","Female","10 - 15","L 400","2.9 - 2.5","Exactly 3","Yes","Yes","More than 2 hours"
"2022/10/16 9:28:35 am GMT","18 - 22 years","Male","16 - 20","L 400","2.9 - 2.5","Less than 3","Yes","Yes","Exactly 2 hours"
"2022/10/16 11:09:36 am GMT","18 - 22 years","Female","6 - 9","L 400","3.5 - 3.0","Less than 3","Yes","Yes","More than 2 hours"
"2022/10/16 11:23:40 pm GMT","23 - 27 years","Male","16 - 20","L 300","2.9 - 2.5","Exactly 3","Yes","Yes","Less than 2 hours"
"2022/10/16 11:24:24 pm GMT","23 - 27 years","Female","10 - 15","L 400","3.5 - 3.0","More than 3","Yes","Yes","More than 2 hours"
"2022/10/16 11:24:49 pm GMT","18 - 22 years","Female","21 - 25","L 300","2.4 - 2.0","More than 3","No","No","Less than 2 hours"
"2022/10/17 11:21:30 am GMT","18 - 22 years","Female","10 - 15","L 300","3.5 - 3.0","Less than 3","Yes","Yes","More than 2 hours"
"2022/10/17 11:21:56 am GMT","18 - 22 years","Female","21 - 25","L 400","3.5 - 3.0","Less than 3","No","No","More than 2 hours"
"2022/10/17 11:22:31 am GMT","14 - 17 years","Male","16 - 20","L 300","4.0 - 3.6","Less than 3","Yes","Yes","Less than 2 hours"
"2022/10/17 11:22:56 am GMT","18 - 22 years","Male","16 - 20","L 300","3.5 - 3.0","Exactly 3","No","Yes","Exactly 2 hours"
"2022/10/17 11:23:52 am GMT","28 - 32 years","Male","21 - 25","L 400","2.9 - 2.5","Less than 3","Yes","Yes","Less than 2 hours"
"2022/10/17 11:24:27 am GMT","23 - 27 years","Male","10 - 15","L 400","3.5 - 3.0","Less than 3","No","Yes","Less than 2 hours"
"2022/10/17 11:24:56 am GMT","18 - 22 years","Male","21 - 25","L 300","2.4 - 2.0","More than 3","Yes","Yes","Exactly 2 hours"
"2022/10/17 11:34:01 am GMT","18 - 22 years","Female","10 - 15","L 300","2.9 - 2.5","Exactly 3","No","Yes","Exactly 2 hours"
"2022/10/17 11:34:58 am GMT","23 - 27 years","Male","16 - 20","L 400","4.0 - 3.6","More than 3","Yes","Yes","More than 2 hours"
"2022/10/17 11:35:20 am GMT","23 - 27 years","Male","26 - 30","L 400","2.4 - 2.0","Exactly 3","No","No","Exactly 2 hours"
"2022/10/17 11:35:45 am GMT","18 - 22 years","Female","16 - 20","L 300","2.4 - 2.0","Exactly 3","Yes","Yes","More than 2 hours"
"2022/10/17 11:38:55 am GMT","23 - 27 years","Male","10 - 15","L 300","2.9 - 2.5","Exactly 3","No","Yes","Exactly 2 hours"
"2022/10/17 11:41:46 am GMT","18 - 22 years","Female","6 - 9","L 400","4.0 - 3.6","Exactly 3","Yes","Yes","More than 2 hours"
"2022/10/17 11:43:25 am GMT","23 - 27 years","Female","16 - 20","L 400","2.4 - 2.0","Exactly 3","Yes","Yes","Exactly 2 hours"
"2022/10/17 11:44:00 am GMT","23 - 27 years","Male","10 - 15","L 300","2.9 - 2.5","Less than 3","Yes","Yes","Exactly 2 hours"
"2022/10/17 11:44:58 am GMT","18 - 22 years","Female","6 - 9","L 400","3.5 - 3.0","Less than 3","Yes","No","More than 2 hours"
"2022/10/17 11:45:21 am GMT","23 - 27 years","Male","21 - 25","L 400","2.9 - 2.5","Exactly 3","No","Yes","Exactly 2 hours"
"2022/10/17 11:45:41 am GMT","18 - 22 years","Male","6 - 9","L 400","3.5 - 3.0","More than 3","Yes","Yes","Exactly 2 hours"
"2022/10/17 11:46:24 am GMT","23 - 27 years","Male","10 - 15","L 400","2.4 - 2.0","Exactly 3","Yes","No","Less than 2 hours"
"2022/10/17 11:46:31 am GMT","23 - 27 years","Male","10 - 15","L 400","3.5 - 3.0","Less than 3","Yes","Yes","More than 2 hours"
"2022/10/17 11:46:37 am GMT","23 - 27 years","Male","10 - 15","L 400","1.9 - 1.5","Less than 3","Yes","No","More than 2 hours"
"2022/10/17 11:46:49 am GMT","18 - 22 years","Female","16 - 20","L 400","3.5 - 3.0","Less than 3","Yes","Yes","Exactly 2 hours"
"2022/10/17 11:47:27 am GMT","23 - 27 years","Female","6 - 9","L 400","2.9 - 2.5","Exactly 3","Maybe","Yes","More than 2 hours"
"2022/10/17 11:47:33 am GMT","18 - 22 years","Male","10 - 15","L 400","3.5 - 3.0","Less than 3","Yes","Yes","Exactly 2 hours"
"2022/10/17 11:50:54 am GMT","18 - 22 years","Female","16 - 20","L 300","2.9 - 2.5","Exactly 3","Yes","Yes","Exactly 2 hours"
"2022/10/17 11:51:18 am GMT","18 - 22 years","Female","16 - 20","L 300","3.5 - 3.0","Exactly 3","Yes","Yes","More than 2 hours"
"2022/10/17 11:51:45 am GMT","23 - 27 years","Male","16 - 20","L 300","2.9 - 2.5","More than 3","No","No","Exactly 2 hours"
"2022/10/17 11:52:10 am GMT","23 - 27 years","Male","10 - 15","L 400","3.5 - 3.0","Less than 3","Yes","Yes","More than 2 hours"
"2022/10/17 11:52:29 am GMT","18 - 22 years","Female","21 - 25","L 300","2.4 - 2.0","More than 3","No","No","Less than 2 hours"
"2022/10/17 11:52:56 am GMT","23 - 27 years","Male","16 - 20","L 400","2.9 - 2.5","Exactly 3","No","Yes","Exactly 2 hours"
"2022/10/18 2:02:04 pm GMT","23 - 27 years","Female","16 - 20","L 400","2.9 - 2.5","Less than 3","Yes","Yes","Exactly 2 hours"
"2022/10/18 2:03:25 pm GMT","18 - 22 years","Female","6 - 9","L 300","4.0 - 3.6","More than 3","No","Yes","More than 2 hours"
"2022/10/18 2:09:16 pm GMT","18 - 22 years","Female","10 - 15","L 400","3.5 - 3.0","More than 3","Yes","No","More than 2 hours"
"2022/10/18 2:35:02 pm GMT","18 - 22 years","Female","6 - 9","L 300","3.5 - 3.0","More than 3","Yes","Yes","Less than 2 hours"
"2022/10/18 3:09:19 pm GMT","23 - 27 years","Male","10 - 15","L 400","3.5 - 3.0","More than 3","Yes","No","Less than 2 hours"
"2022/10/18 4:50:53 pm GMT","18 - 22 years","Male","16 - 20","L 300","3.5 - 3.0","More than 3","Yes","No","More than 2 hours"
"2022/10/18 4:51:56 pm GMT","18 - 22 years","Female","10 - 15","L 300","2.9 - 2.5","Exactly 3","Yes","No","Exactly 2 hours"
"2022/10/18 4:53:57 pm GMT","18 - 22 years","Male","16 - 20","L 300","2.4 - 2.0","Less than 3","Yes","Yes","Exactly 2 hours"
"2022/10/18 4:59:29 pm GMT","18 - 22 years","Male","10 - 15","L 300","2.4 - 2.0","More than 3","No","Yes","Exactly 2 hours"
"2022/10/18 5:00:03 pm GMT","18 - 22 years","Male","10 - 15","L 400","2.9 - 2.5","More than 3","Yes","No","Less than 2 hours"
"2022/10/18 5:01:13 pm GMT","18 - 22 years","Male","10 - 15","L 300","3.5 - 3.0","Less than 3","Yes","Yes","More than 2 hours"
"2022/10/18 5:01:25 pm GMT","23 - 27 years","Male","16 - 20","L 300","2.9 - 2.5","More than 3","Maybe","No","More than 2 hours"
"2022/10/18 5:20:19 pm GMT","23 - 27 years","Female","10 - 15","L 300","3.5 - 3.0","More than 3","Yes","No","Less than 2 hours"
"2022/10/18 5:51:58 pm GMT","23 - 27 years","Male","10 - 15","L 300","3.5 - 3.0","Less than 3","Yes","No","More than 2 hours"
"2022/10/18 5:54:33 pm GMT","18 - 22 years","Male","16 - 20","L 300","2.9 - 2.5","Exactly 3","Yes","Yes","More than 2 hours"
"2022/10/18 6:05:42 pm GMT","23 - 27 years","Male","10 - 15","L 300","1.9 - 1.5","More than 3","No","Yes","More than 2 hours"
"2022/10/18 6:09:08 pm GMT","18 - 22 years","Male","10 - 15","L 300","2.9 - 2.5","Less than 3","Yes","No","Less than 2 hours"
"2022/10/18 6:27:01 pm GMT","18 - 22 years","Male","10 - 15","L 300","2.9 - 2.5","Less than 3","Yes","No","More than 2 hours"
"2022/10/18 6:54:42 pm GMT","18 - 22 years","Male","16 - 20","L 300","2.9 - 2.5","Less than 3","Yes","No","Less than 2 hours"
"2022/10/18 6:57:21 pm GMT","18 - 22 years","Female","6 - 9","L 300","2.9 - 2.5","More than 3","Yes","Yes","More than 2 hours"
"2022/10/18 7:06:01 pm GMT","18 - 22 years","Male","10 - 15","L 300","2.4 - 2.0","Less than 3","Yes","Yes","Less than 2 hours"
"2022/10/18 7:23:42 pm GMT","18 - 22 years","Male","10 - 15","L 300","2.9 - 2.5","Less than 3","Yes","No","Less than 2 hours"
"2022/10/18 9:01:17 pm GMT","23 - 27 years","Male","10 - 15","L 400","3.5 - 3.0","More than 3","Yes","No","Exactly 2 hours"
"2022/10/18 9:22:12 pm GMT","23 - 27 years","Female","6 - 9","L 400","4.0 - 3.6","Less than 3","Yes","Yes","More than 2 hours"
"2022/10/18 9:23:31 pm GMT","18 - 22 years","Female","10 - 15","L 300","3.5 - 3.0","Less than 3","Yes","Yes","Less than 2 hours"
"2022/10/18 10:05:10 pm GMT","18 - 22 years","Male","6 - 9","L 300","3.5 - 3.0","Less than 3","Yes","No","More than 2 hours"
"2022/10/18 10:14:19 pm GMT","18 - 22 years","Female","10 - 15","L 300","3.5 - 3.0","Exactly 3","Yes","No","More than 2 hours"
"2022/10/18 10:26:33 pm GMT","18 - 22 years","Male","10 - 15","L 300","2.9 - 2.5","Less than 3","Yes","Yes","More than 2 hours"
"2022/10/18 11:30:30 pm GMT","23 - 27 years","Female","16 - 20","L 300","2.9 - 2.5","More than 3","Yes","Yes","Exactly 2 hours"
"2022/10/19 4:27:42 am GMT","18 - 22 years","Male","10 - 15","L 400","2.9 - 2.5","More than 3","No","No","More than 2 hours"
"2022/10/19 6:53:32 am GMT","18 - 22 years","Male","16 - 20","L 300","2.4 - 2.0","More than 3","Yes","No","Less than 2 hours"
"2022/10/19 8:14:58 am GMT","18 - 22 years","Male","16 - 20","L 300","2.9 - 2.5","Exactly 3","Yes","Yes","More than 2 hours"
"2022/10/19 8:41:02 am GMT","18 - 22 years","Male","10 - 15","L 300","2.9 - 2.5","More than 3","Yes","No","More than 2 hours"
"2022/10/20 9:22:10 am GMT","23 - 27 years","Female","16 - 20","L 300","2.9 - 2.5","More than 3","Yes","Yes","Exactly 2 hours"
"2022/10/20 9:22:12 am GMT","18 - 22 years","Male","10 - 15","L 300","3.5 - 3.0","More than 3","Yes","Yes","Exactly 2 hours"
"2022/10/20 9:22:27 am GMT","23 - 27 years","Male","16 - 20","L 300","2.4 - 2.0","Less than 3","Yes","Yes","More than 2 hours"
"2022/10/20 9:22:36 am GMT","18 - 22 years","Male","16 - 20","L 300","3.5 - 3.0","Less than 3","Yes","Yes","More than 2 hours"
"2022/10/20 9:23:13 am GMT","23 - 27 years","Male","16 - 20","L 300","2.9 - 2.5","Less than 3","Yes","Yes","Exactly 2 hours"
"2022/10/20 9:23:17 am GMT","18 - 22 years","Male","10 - 15","L 300","3.5 - 3.0","Exactly 3","Yes","Yes","Less than 2 hours"
"2022/10/20 9:23:38 am GMT","23 - 27 years","Female","16 - 20","L 300","2.9 - 2.5","More than 3","Yes","Yes","More than 2 hours"
"2022/10/20 9:23:46 am GMT","23 - 27 years","Male","21 - 25","L 300","2.4 - 2.0","Less than 3","Yes","Yes","Exactly 2 hours"
"2022/10/20 9:24:15 am GMT","23 - 27 years","Male","16 - 20","L 300","3.5 - 3.0","More than 3","Yes","Yes","More than 2 hours"
"2022/10/20 9:24:16 am GMT","18 - 22 years","Male","16 - 20","L 300","2.9 - 2.5","More than 3","No","Yes","Exactly 2 hours"
"2022/10/20 9:26:36 am GMT","28 - 32 years","Male","10 - 15","L 300","4.0 - 3.6","More than 3","Yes","Yes","Exactly 2 hours"
"2022/10/20 9:26:40 am GMT","23 - 27 years","Male","10 - 15","L 300","2.4 - 2.0","More than 3","Maybe","Yes","More than 2 hours"
"2022/10/20 9:29:31 am GMT","18 - 22 years","Male","10 - 15","L 300","3.5 - 3.0","More than 3","Yes","No","More than 2 hours"
"2022/10/20 9:31:26 am GMT","18 - 22 years","Male","10 - 15","L 300","1.9 - 1.5","Less than 3","Yes","No","Less than 2 hours"
"2022/10/20 9:31:26 am GMT","23 - 27 years","Male","10 - 15","L 300","4.0 - 3.6","More than 3","Yes","No","More than 2 hours"
"2022/10/20 9:33:39 am GMT","23 - 27 years","Male","16 - 20","L 300","3.5 - 3.0","Exactly 3","No","No","More than 2 hours"
"2022/10/20 9:35:03 am GMT","18 - 22 years","Male","16 - 20","L 300","2.9 - 2.5","Less than 3","No","No","More than 2 hours"
"2022/10/20 9:37:03 am GMT","18 - 22 years","Male","16 - 20","L 300","4.0 - 3.6","Less than 3","Yes","Yes","More than 2 hours"
"2022/10/20 9:37:22 am GMT","28 - 32 years","Male","6 - 9","L 300","4.0 - 3.6","More than 3","Yes","No","More than 2 hours"
"2022/10/20 9:39:35 am GMT","23 - 27 years","Male","21 - 25","L 300","2.9 - 2.5","Exactly 3","Yes","Yes","More than 2 hours"
"2022/10/20 9:43:19 am GMT","23 - 27 years","Male","10 - 15","L 300","Below 1.5","More than 3","No","Yes","Exactly 2 hours"
"2022/10/20 9:43:35 am GMT","18 - 22 years","Female","6 - 9","L 300","2.9 - 2.5","Less than 3","Yes","No","More than 2 hours"
"2022/10/20 9:45:51 am GMT","23 - 27 years","Male","16 - 20","L 300","3.5 - 3.0","Less than 3","Yes","Yes","More than 2 hours"
"2022/10/20 9:46:56 am GMT","18 - 22 years","Male","10 - 15","L 300","2.4 - 2.0","Exactly 3","Yes","No","Less than 2 hours"
"2022/10/20 9:52:42 am GMT","18 - 22 years","Male","21 - 25","L 300","2.4 - 2.0","Exactly 3","Yes","Yes","Exactly 2 hours"
"2022/10/20 10:09:02 am GMT","23 - 27 years","Male","10 - 15","L 300","3.5 - 3.0","More than 3","Yes","Yes","Less than 2 hours"
"2022/10/20 10:10:19 am GMT","18 - 22 years","Male","16 - 20","L 300","3.5 - 3.0","More than 3","Yes","Yes","More than 2 hours"
"2022/10/20 10:24:04 am GMT","23 - 27 years","Male","16 - 20","L 300","1.9 - 1.5","Exactly 3","Yes","No","Less than 2 hours"
"2022/10/20 10:24:19 am GMT","18 - 22 years","Male","10 - 15","L 300","2.9 - 2.5","Less than 3","Yes","No","More than 2 hours"
"2022/10/20 10:26:07 am GMT","23 - 27 years","Male","6 - 9","L 300","4.0 - 3.6","More than 3","Yes","Yes","More than 2 hours"
"2022/10/20 10:36:38 am GMT","23 - 27 years","Male","10 - 15","L 300","2.9 - 2.5","More than 3","Yes","Yes","More than 2 hours"
"2022/10/20 10:57:26 am GMT","23 - 27 years","Female","6 - 9","L 300","4.0 - 3.6","Exactly 3","No","No","Exactly 2 hours"
"2022/10/20 11:15:18 am GMT","18 - 22 years","Male","10 - 15","L 300","2.4 - 2.0","Exactly 3","Yes","Yes","Exactly 2 hours"
"2022/10/20 11:46:40 am GMT","23 - 27 years","Male","21 - 25","L 300","2.9 - 2.5","Less than 3","Yes","Yes","Less than 2 hours"
"2022/10/20 12:10:41 pm GMT","23 - 27 years","Female","10 - 15","L 400","3.5 - 3.0","More than 3","Maybe","Yes","More than 2 hours"
"2022/10/20 12:34:09 pm GMT","23 - 27 years","Male","16 - 20","L 300","2.9 - 2.5","More than 3","Yes","Yes","More than 2 hours"
"2022/10/20 12:34:54 pm GMT","18 - 22 years","Male","10 - 15","L 300","3.5 - 3.0","Less than 3","Yes","No","Exactly 2 hours"
"2022/10/20 2:26:56 pm GMT","23 - 27 years","Male","16 - 20","L 300","2.9 - 2.5","Less than 3","Yes","No","Less than 2 hours"
"2022/10/20 3:44:46 pm GMT","18 - 22 years","Male","16 - 20","L 300","2.9 - 2.5","Less than 3","Yes","No","Less than 2 hours"
"2022/10/20 8:15:37 pm GMT","18 - 22 years","Male","16 - 20","L 300","2.9 - 2.5","More than 3","Yes","Yes","More than 2 hours"
"2022/10/20 9:15:57 pm GMT","18 - 22 years","Male","6 - 9","L 300","3.5 - 3.0","More than 3","Yes","Yes","More than 2 hours"
"2022/10/21 8:49:20 am GMT","18 - 22 years","Male","10 - 15","L 300","2.9 - 2.5","More than 3","Yes","Yes","Exactly 2 hours"
"2022/10/21 8:50:07 am GMT","23 - 27 years","Male","16 - 20","L 300","2.9 - 2.5","Exactly 3","Yes","No","More than 2 hours"
"2022/10/21 8:50:28 am GMT","23 - 27 years","Male","16 - 20","L 300","2.9 - 2.5","More than 3","Yes","Yes","More than 2 hours"
"2022/10/21 8:52:14 am GMT","18 - 22 years","Male","16 - 20","L 300","2.4 - 2.0","Less than 3","Yes","Yes","More than 2 hours"
"2022/10/21 8:52:28 am GMT","18 - 22 years","Male","16 - 20","L 300","2.9 - 2.5","Exactly 3","Yes","Yes","More than 2 hours"
"2022/10/21 8:52:52 am GMT","23 - 27 years","Male","10 - 15","L 300","2.9 - 2.5","More than 3","Yes","No","More than 2 hours"
"2022/10/21 8:54:27 am GMT","18 - 22 years","Male","6 - 9","L 300","2.9 - 2.5","Exactly 3","Yes","Yes","More than 2 hours"
"2022/10/21 8:56:00 am GMT","23 - 27 years","Male","16 - 20","L 300","3.5 - 3.0","More than 3","Yes","No","Exactly 2 hours"
"2022/10/21 8:57:53 am GMT","23 - 27 years","Male","16 - 20","L 300","3.5 - 3.0","More than 3","Yes","No","Less than 2 hours"
"2022/10/21 9:02:55 am GMT","23 - 27 years","Male","10 - 15","L 300","2.4 - 2.0","Less than 3","Yes","Yes","Exactly 2 hours"
"2022/10/21 9:03:21 am GMT","18 - 22 years","Male","16 - 20","L 300","2.9 - 2.5","More than 3","Yes","Yes","More than 2 hours"
"2022/10/21 9:16:19 am GMT","23 - 27 years","Male","10 - 15","L 300","2.4 - 2.0","Exactly 3","Yes","Yes","Less than 2 hours"
"2022/10/21 9:40:36 am GMT","18 - 22 years","Male","16 - 20","L 300","2.9 - 2.5","Less than 3","Yes","No","Exactly 2 hours"
"2022/10/21 10:18:26 am GMT","18 - 22 years","Female","16 - 20","L 300","2.9 - 2.5","More than 3","Yes","No","More than 2 hours"
"2022/10/21 10:46:24 am GMT","23 - 27 years","Male","10 - 15","L 300","4.0 - 3.6","More than 3","Yes","No","More than 2 hours"
"2022/10/21 12:07:07 pm GMT","23 - 27 years","Male","21 - 25","L 300","2.9 - 2.5","Exactly 3","Yes","No","More than 2 hours"
"2022/10/21 1:02:38 pm GMT","23 - 27 years","Male","10 - 15","L 300","3.5 - 3.0","More than 3","No","No","More than 2 hours"
"2022/10/21 1:22:06 pm GMT","23 - 27 years","Male","10 - 15","L 300","2.4 - 2.0","Less than 3","Yes","Yes","Less than 2 hours"
"2022/10/21 2:00:41 pm GMT","23 - 27 years","Male","10 - 15","L 300","3.5 - 3.0","Exactly 3","Yes","Yes","More than 2 hours"
"2022/10/21 2:09:16 pm GMT","23 - 27 years","Male","16 - 20","L 300","2.4 - 2.0","More than 3","Yes","Yes","More than 2 hours"
"2022/10/21 10:35:59 pm GMT","23 - 27 years","Male","16 - 20","L 300","2.9 - 2.5","Exactly 3","Yes","No","Less than 2 hours"
"2022/10/22 7:34:19 am GMT","23 - 27 years","Male","10 - 15","L 300","2.4 - 2.0","Less than 3","Yes","Yes","Less than 2 hours"
"2022/10/22 8:53:44 pm GMT","23 - 27 years","Female","10 - 15","L 400","3.5 - 3.0","Exactly 3","Yes","Yes","More than 2 hours"
"2022/10/24 7:17:32 pm GMT","18 - 22 years","Male","21 - 25","L 300","2.4 - 2.0","Less than 3","Yes","Yes","Less than 2 hours"
"2022/10/26 11:49:13 pm GMT","18 - 22 years","Male","16 - 20","L 400","2.9 - 2.5","Exactly 3","Yes","Yes","More than 2 hours"
"2022/10/26 11:49:48 pm GMT","23 - 27 years","Female","16 - 20","L 400","3.5 - 3.0","Less than 3","Yes","Yes","Exactly 2 hours"
"2022/10/26 11:50:03 pm GMT","23 - 27 years","Female","21 - 25","L 300","2.9 - 2.5","Exactly 3","No","Yes","More than 2 hours"
"2022/10/26 11:50:22 pm GMT","23 - 27 years","Female","16 - 20","L 300","2.4 - 2.0","More than 3","No","No","Less than 2 hours"
"2022/10/27 12:33:47 am GMT","18 - 22 years","Male","10 - 15","L 400","4.0 - 3.6","Less than 3","Yes","Yes","Less than 2 hours"
"2022/10/27 12:36:10 am GMT","14 - 17 years","Female","6 - 9","L 400","3.5 - 3.0","More than 3","Yes","Yes","More than 2 hours"
"2022/10/27 12:36:40 am GMT","18 - 22 years","Female","10 - 15","L 300","3.5 - 3.0","Exactly 3","Yes","Yes","More than 2 hours"
"2022/10/27 12:37:02 am GMT","18 - 22 years","Male","10 - 15","L 400","4.0 - 3.6","More than 3","Maybe","Yes","More than 2 hours"
"2022/10/27 12:37:44 am GMT","23 - 27 years","Male","6 - 9","L 400","4.0 - 3.6","Less than 3","Yes","Yes","More than 2 hours"
"2022/10/27 12:38:03 am GMT","14 - 17 years","Male","10 - 15","L 300","3.5 - 3.0","More than 3","Yes","Yes","More than 2 hours"
"2022/10/27 12:38:26 am GMT","23 - 27 years","Female","10 - 15","L 300","2.9 - 2.5","Less than 3","No","No","Exactly 2 hours"
"2022/10/27 12:38:51 am GMT","23 - 27 years","Female","16 - 20","L 300","2.4 - 2.0","Less than 3","No","No","Exactly 2 hours"
"2022/10/27 12:39:22 am GMT","28 - 32 years","Female","16 - 20","L 400","2.9 - 2.5","Exactly 3","Yes","No","More than 2 hours"
"2022/10/27 12:39:38 am GMT","18 - 22 years","Male","10 - 15","L 300","2.4 - 2.0","Less than 3","No","No","Exactly 2 hours"
"2022/10/27 12:39:57 am GMT","23 - 27 years","Female","6 - 9","L 400","4.0 - 3.6","Less than 3","Yes","Yes","More than 2 hours"
"2022/10/27 12:40:13 am GMT","23 - 27 years","Male","16 - 20","L 400","3.5 - 3.0","Less than 3","Yes","Yes","Exactly 2 hours"
"2022/10/27 12:40:34 am GMT","18 - 22 years","Male","10 - 15","L 400","2.4 - 2.0","Less than 3","No","No","Less than 2 hours"
"2022/10/27 12:40:59 am GMT","28 - 32 years","Male","21 - 25","L 400","3.5 - 3.0","Exactly 3","No","No","More than 2 hours"
"2022/10/27 12:41:17 am GMT","23 - 27 years","Female","26 - 30","L 300","3.5 - 3.0","Less than 3","Yes","No","Less than 2 hours"
"2022/10/27 12:41:34 am GMT","14 - 17 years","Female","10 - 15","L 400","2.9 - 2.5","Exactly 3","Yes","No","More than 2 hours"
"2022/10/27 12:41:50 am GMT","28 - 32 years","Female","10 - 15","L 300","2.9 - 2.5","Less than 3","Yes","Yes","Less than 2 hours"
"2022/10/27 12:42:11 am GMT","14 - 17 years","Male","6 - 9","L 400","4.0 - 3.6","More than 3","Yes","Yes","More than 2 hours"
"2022/10/27 12:42:30 am GMT","18 - 22 years","Male","10 - 15","L 400","2.9 - 2.5","Less than 3","No","No","Exactly 2 hours"
"2022/10/27 12:42:48 am GMT","23 - 27 years","Male","10 - 15","L 400","4.0 - 3.6","Less than 3","Yes","Yes","Exactly 2 hours"
"2022/10/27 12:43:06 am GMT","23 - 27 years","Male","10 - 15","L 400","2.9 - 2.5","More than 3","No","Yes","Less than 2 hours"
"2022/10/27 12:43:22 am GMT","14 - 17 years","Male","6 - 9","L 400","3.5 - 3.0","Less than 3","Yes","Yes","Less than 2 hours"
"2022/10/27 12:43:42 am GMT","23 - 27 years","Male","10 - 15","L 400","3.5 - 3.0","Less than 3","Yes","Yes","Less than 2 hours"
"2022/10/27 12:43:59 am GMT","23 - 27 years","Male","6 - 9","L 400","4.0 - 3.6","More than 3","Yes","Yes","Less than 2 hours"
"2022/10/27 12:44:18 am GMT","23 - 27 years","Female","16 - 20","L 400","4.0 - 3.6","Less than 3","Yes","Yes","Less than 2 hours"
"2022/10/27 12:44:34 am GMT","23 - 27 years","Female","16 - 20","L 400","2.4 - 2.0","Exactly 3","Yes","No","Less than 2 hours"
"2022/10/27 12:45:05 am GMT","14 - 17 years","Female","6 - 9","L 300","4.0 - 3.6","More than 3","No","No","More than 2 hours"
"2022/10/27 12:45:24 am GMT","18 - 22 years","Male","10 - 15","L 300","2.9 - 2.5","Less than 3","Maybe","No","Exactly 2 hours"
"2022/10/27 12:45:46 am GMT","14 - 17 years","Male","6 - 9","L 400","4.0 - 3.6","Less than 3","Maybe","Yes","More than 2 hours"
"2022/10/27 12:46:03 am GMT","More than 32 years","Male","10 - 15","L 400","3.5 - 3.0","Less than 3","Maybe","Yes","Exactly 2 hours"
"2022/10/27 1:06:33 am GMT","18 - 22 years","Male","6 - 9","L 400","4.0 - 3.6","Less than 3","Yes","Yes","More than 2 hours"
"2022/10/27 1:07:03 am GMT","18 - 22 years","Male","6 - 9","L 300","Below 1.5","More than 3","Maybe","No","More than 2 hours"
"2022/10/27 1:26:22 am GMT","More than 32 years","Female","Above 30","L 300","Below 1.5","More than 3","No","Yes","Less than 2 hours"
"2022/10/27 12:21:37 pm GMT","18 - 22 years","Female","16 - 20","L 300","3.5 - 3.0","More than 3","Yes","Yes","More than 2 hours"
"2022/10/27 2:34:19 pm GMT","23 - 27 years","Male","6 - 9","L 400","3.5 - 3.0","More than 3","Yes","Yes","Exactly 2 hours"